{
  "experiment_type": "qa",
  "total_tasks": 1,
  "successful_tasks": 1,
  "success_rate": 1.0,
  "average_execution_time": 13.074341999999888,
  "experiment_wall_time": 14.044127941131592,
  "resource_utilization": {
    "cpu_user_time": 0.078125,
    "cpu_system_time": 0.015625,
    "memory_peak_bytes": 328949,
    "token_total": 1499,
    "token_per_sec": 114.53519974520941
  },
  "detailed_results": [
    {
      "task_id": "qa_3",
      "accuracy_score": 1.0,
      "execution_time": 13.074341999999888,
      "per_question_times": [
        1.9773420000001352,
        2.8105591000003187
      ],
      "status": "success"
    }
  ]
}