{
  "experiment_type": "summarization",
  "total_tasks": 3,
  "successful_tasks": 3,
  "success_rate": 1.0,
  "average_execution_time": 35.91968830426534,
  "average_compression_ratio": 0.8264550005298025,
  "average_quality_score": 0.7402777777777777,
  "average_rouge_scores": {
    "rouge1": 0.08624951245333483,
    "rouge2": 0.02409070715645301,
    "rougeL": 0.06713125437244231
  },
  "short_doc_time": 29.652410984039307,
  "medium_doc_time": 43.493027687072754,
  "long_doc_time": 34.61362624168396,
  "detailed_results": [
    {
      "task_id": "doc_1",
      "doc_type": "medium",
      "execution_time": 43.493027687072754,
      "compression_ratio": 0.7351247600767754,
      "quality_score": 0.7,
      "rouge_scores": {
        "rouge1": 0.097323600973236,
        "rouge2": 0.0293398533007335,
        "rougeL": 0.0827250608272506
      }
    },
    {
      "task_id": "doc_2",
      "doc_type": "long",
      "execution_time": 34.61362624168396,
      "compression_ratio": 0.8075313807531381,
      "quality_score": 0.8333333333333334,
      "rouge_scores": {
        "rouge1": 0.08,
        "rouge2": 0.02247191011235955,
        "rougeL": 0.057600000000000005
      }
    },
    {
      "task_id": "doc_3",
      "doc_type": "short",
      "execution_time": 29.652410984039307,
      "compression_ratio": 0.9367088607594937,
      "quality_score": 0.6875,
      "rouge_scores": {
        "rouge1": 0.08142493638676845,
        "rouge2": 0.020460358056265986,
        "rougeL": 0.06106870229007633
      }
    }
  ]
}